title,content
 title 13,Große  Great word art: Nobel Prize winner Herta Müller magazines and finds. This creates collages of poetic materiality
 title 15,Vi bruger cookies på vores websted for at give dig den mest relevante oplevelse ved at huske dine præferencer og gentage besøg. Ved at klikke på "Accepter" accepterer du brugen af ​​ALLE cookies.
 title 17,content 15 it is ok
 title 18,content 16 tr rt 
 title 19,content 17
title 20,content 18
title 21,content 19
fdg,dfg df gd df gd fg
new element,This is new element
test,THis is test
test1,re serser
wd,qwd
qwdqwdqw,qwdqwd
qef ,qef
qefeqfqef qef qe f,qe fqe qe fqe f
wd,wd
qqqq,qq q qq  q
rty ,rt yrt yrt y
111,1111111 1 1 1 1 1
333,333 3 3 3 3
567,567 56 756 756 75
